{"camera_matrix": [[1002.4811662186825, 0.0, 657.3228679349224], [0.0, 1002.2131840921982, 382.53783357667913], [0.0, 0.0, 1.0]], "dist_coeff": [[0.04876123831818162, -0.5181829169642144, 0.001785954335661803, 0.00043576295129368604, 0.8191676784584032]]}