{"camera_matrix": [[1002.4811621209457, 0.0, 657.3228358893491], [0.0, 1002.2131691718619, 382.53788261039324], [0.0, 0.0, 1.0]], "dist_coeff": [[0.0487611826599538, -0.5181827200733305, 0.0017859658146504986, 0.0004357626461120249, 0.8191675494931813]]}