{"camera_matrix": [[602.3972657051369, 0.0, 341.61491729551733], [0.0, 602.7044048955653, 248.2059919198808], [0.0, 0.0, 1.0]], "dist_coeff": [[0.10499862764662313, -0.748260481842183, 0.0010858470044416832, 0.008802151004282117, 1.6682587938714553]]}